date,cases_active,cases_adolescent,cases_adult,cases_elderly
2020-01-25,4,0,1,0
2020-01-26,4,0,0,0
2020-01-27,4,0,0,0
2020-01-28,4,0,0,0
2020-01-29,7,0,2,0
2020-01-30,8,0,1,0
2020-01-31,8,0,0,0
2020-02-01,8,0,0,0
2020-02-02,8,0,0,0
2020-02-03,8,0,0,0
2020-02-04,10,0,1,1
2020-02-05,11,0,1,0
2020-02-06,13,0,2,0
2020-02-07,14,0,1,0
2020-02-08,14,0,0,1
2020-02-09,14,0,0,1
2020-02-10,15,0,1,0
2020-02-11,15,0,0,0
2020-02-12,15,0,0,0
2020-02-13,15,0,0,0
2020-02-14,12,0,1,0
2020-02-15,14,0,2,1
2020-02-16,14,0,0,0
2020-02-17,11,0,0,0
2020-02-18,9,0,0,0
2020-02-19,5,0,0,0
2020-02-20,5,0,0,0
2020-02-21,5,0,0,0
2020-02-22,4,0,0,0
2020-02-23,4,0,0,0
2020-02-24,2,0,0,0
2020-02-25,2,0,0,0
2020-02-26,2,0,0,0
2020-02-27,1,0,1,0
2020-02-28,3,0,2,0
2020-02-29,3,0,0,0
2020-03-01,7,0,4,0
2020-03-02,7,0,0,0
2020-03-03,14,0,7,0
2020-03-04,27,0,10,4
2020-03-05,32,0,3,1
2020-03-06,60,1,23,3
2020-03-07,69,0,7,2
2020-03-08,74,0,5,0
2020-03-09,91,0,12,5
2020-03-10,103,0,11,1
2020-03-11,122,1,10,8
2020-03-12,125,0,6,3
2020-03-13,164,0,31,8
2020-03-14,201,0,34,7
2020-03-15,386,3,128,48
2020-03-16,511,3,85,31
2020-03-17,622,3,91,21
2020-03-18,728,8,78,26
2020-03-19,823,7,77,20
2020-03-20,940,7,96,22
2020-03-21,1062,4,106,33
2020-03-22,1156,6,95,20
2020-03-23,1343,4,155,35
2020-03-24,1423,8,71,18
2020-03-25,1576,6,114,43
2020-03-26,1790,18,168,32
2020-03-27,1874,3,95,23
2020-03-28,1966,8,113,32
2020-03-29,2043,6,109,27
2020-03-30,2105,7,117,20
2020-03-31,2182,7,100,28
2020-04-01,2214,9,103,22
2020-04-02,2298,13,142,37
2020-04-03,2450,19,164,25
2020-04-04,2509,8,111,15
2020-04-05,2596,19,114,23
2020-04-06,2489,6,77,30
2020-04-07,2578,14,112,23
2020-04-08,2567,20,101,26
2020-04-09,2553,5,84,14
2020-04-10,2446,11,84,20
2020-04-11,2462,9,116,18
2020-04-12,2497,9,84,17
2020-04-13,2462,11,99,10
2020-04-14,2427,10,124,25
2020-04-15,2341,3,55,24
2020-04-16,2330,15,62,16
2020-04-17,2197,7,44,8
2020-04-18,2116,5,37,8
2020-04-19,2104,7,66,3
2020-04-20,2041,3,26,5
2020-04-21,2042,9,43,4
2020-04-22,1987,4,33,5
2020-04-23,1967,4,39,4
2020-04-24,1933,6,38,2
2020-04-25,1883,3,19,6
2020-04-26,1821,2,22,8
2020-04-27,1765,0,18,2
2020-04-28,1720,1,17,4
2020-04-29,1758,6,84,1
2020-04-30,1729,4,44,5
2020-05-01,1759,3,35,1
2020-05-02,1747,4,87,4
2020-05-03,1781,18,89,3
2020-05-04,1765,4,42,0
2020-05-05,1710,0,23,2
2020-05-06,1620,4,33,5
2020-05-07,1584,2,25,4
2020-05-08,1564,1,65,1
2020-05-09,1552,0,47,1
2020-05-10,1522,5,58,1
2020-05-11,1504,4,56,4
2020-05-12,1409,0,8,1
2020-05-13,1386,0,32,2
2020-05-14,1356,2,23,0
2020-05-15,1304,1,20,5
2020-05-16,1248,1,14,1
2020-05-17,1211,1,17,1
2020-05-18,1213,0,36,3
2020-05-19,1219,1,22,5
2020-05-20,1190,1,24,1
2020-05-21,1149,2,12,1
2020-05-22,1164,8,39,2
2020-05-23,1159,0,41,4
2020-05-24,1186,3,51,2
2020-05-25,1324,2,89,2
2020-05-26,1449,1,107,2
2020-05-27,1422,0,12,0
2020-05-28,1346,1,5,0
2020-05-29,1383,3,71,1
2020-05-30,1318,2,11,4
2020-05-31,1352,2,48,1
2020-06-01,1339,1,31,0
2020-06-02,1293,0,19,0
2020-06-03,1325,29,57,0
2020-06-04,1573,3,255,2
2020-06-05,1540,2,11,1
2020-06-06,1552,3,23,1
2020-06-07,1532,2,13,2
2020-06-08,1519,0,6,0
2020-06-09,1245,0,6,0
2020-06-10,1207,0,2,0
2020-06-11,1186,1,28,0
2020-06-12,1114,1,23,1
2020-06-13,1014,8,21,2
2020-06-14,987,0,3,1
2020-06-15,974,3,27,2
2020-06-16,652,1,9,0
2020-06-17,522,1,4,3
2020-06-18,409,0,13,1
2020-06-19,345,1,4,1
2020-06-20,290,6,4,4
2020-06-21,296,0,14,2
2020-06-22,290,0,15,0
2020-06-23,284,0,2,1
2020-06-24,245,1,5,0
2020-06-25,209,0,3,1
2020-06-26,192,1,4,1
2020-06-27,188,2,7,0
2020-06-28,196,0,17,0
2020-06-29,183,0,2,0
2020-06-30,165,0,2,0
2020-07-01,145,0,1,0
2020-07-02,86,0,3,0
2020-07-03,82,0,4,1
2020-07-04,77,0,6,0
2020-07-05,78,0,3,1
2020-07-06,72,0,5,0
2020-07-07,73,0,6,0
2020-07-08,71,0,3,0
2020-07-09,64,1,4,0
2020-07-10,64,3,9,1
2020-07-11,68,0,6,2
2020-07-12,78,0,12,0
2020-07-13,84,0,6,1
2020-07-14,84,0,4,0
2020-07-15,87,0,5,0
2020-07-16,78,0,3,0
2020-07-17,92,0,12,3
2020-07-18,96,0,6,3
2020-07-19,104,0,12,2
2020-07-20,123,0,9,10
2020-07-21,131,1,13,1
2020-07-22,143,0,12,4
2020-07-23,144,0,8,1
2020-07-24,162,0,18,3
2020-07-25,168,0,20,3
2020-07-26,174,0,12,0
2020-07-27,180,0,5,1
2020-07-28,213,1,29,4
2020-07-29,220,1,11,1
2020-07-30,223,0,5,3
2020-07-31,208,0,11,1
2020-08-01,214,0,6,3
2020-08-02,211,1,9,0
2020-08-03,209,0,1,1
2020-08-04,194,0,1,0
2020-08-05,197,1,16,2
2020-08-06,201,0,12,1
2020-08-07,211,2,18,2
2020-08-08,171,0,7,0
2020-08-09,175,0,12,1
2020-08-10,167,0,10,0
2020-08-11,170,0,8,1
2020-08-12,173,0,9,2
2020-08-13,184,2,12,1
2020-08-14,197,0,18,1
2020-08-15,220,1,18,3
2020-08-16,217,1,20,0
2020-08-17,212,2,7,2
2020-08-18,193,1,2,1
2020-08-19,186,1,10,3
2020-08-20,184,0,5,0
2020-08-21,180,0,8,0
2020-08-22,184,1,7,0
2020-08-23,184,0,9,1
2020-08-24,185,0,7,0
2020-08-25,190,4,3,2
2020-08-26,189,0,2,1
2020-08-27,178,0,4,1
2020-08-28,152,0,8,1
2020-08-29,154,0,7,4
2020-08-30,160,0,13,0
2020-08-31,160,0,4,1
2020-09-01,152,1,11,1
2020-09-02,154,0,6,0
2020-09-03,164,2,8,2
2020-09-04,166,0,9,1
2020-09-05,151,0,5,1
2020-09-06,155,0,4,1
2020-09-07,208,3,56,2
2020-09-08,296,3,90,1
2020-09-09,313,3,13,4
2020-09-10,334,1,41,1
2020-09-11,502,0,176,3
2020-09-12,552,1,47,5
2020-09-13,592,0,42,5
2020-09-14,615,2,23,5
2020-09-15,632,3,17,0
2020-09-16,668,4,53,1
2020-09-17,674,0,15,5
2020-09-18,754,3,71,7
2020-09-19,722,1,10,2
2020-09-20,734,2,43,3
2020-09-21,751,7,35,3
2020-09-22,664,5,69,1
2020-09-23,771,3,131,6
2020-09-24,779,7,40,8
2020-09-25,859,18,75,11
2020-09-26,851,1,75,3
2020-09-27,950,28,80,6
2020-09-28,1010,9,84,12
2020-09-29,1061,5,75,7
2020-09-30,1122,0,71,12
2020-10-01,1335,16,136,16
2020-10-02,1539,0,253,16
2020-10-03,1734,2,258,15
2020-10-04,1958,3,258,12
2020-10-05,2330,11,366,18
2020-10-06,2933,8,616,33
2020-10-07,3345,7,400,49
2020-10-08,3697,16,264,52
2020-10-09,3859,10,277,38
2020-10-10,4157,12,298,34
2020-10-11,4582,36,402,63
2020-10-12,5033,20,302,38
2020-10-13,5339,32,490,90
2020-10-14,5762,31,496,58
2020-10-15,5940,31,358,84
2020-10-16,6318,54,443,45
2020-10-17,6879,39,659,52
2020-10-18,7047,67,578,85
2020-10-19,7450,50,617,57
2020-10-20,7674,49,647,52
2020-10-21,7819,54,514,52
2020-10-22,8169,87,607,45
2020-10-23,8403,49,563,42
2020-10-24,8957,92,925,64
2020-10-25,9195,49,611,53
2020-10-26,9742,47,1027,67
2020-10-27,9901,54,481,50
2020-10-28,10119,65,581,57
2020-10-29,10079,40,500,31
2020-10-30,10384,52,629,49
2020-10-31,10038,65,473,44
2020-11-01,10020,76,684,51
2020-11-02,9952,73,613,50
2020-11-03,10129,68,812,58
2020-11-04,10340,62,767,83
2020-11-05,10504,60,782,65
2020-11-06,11531,112,1371,76
2020-11-07,11667,106,882,57
2020-11-08,11690,54,641,42
2020-11-09,11309,99,648,62
2020-11-10,11447,41,666,41
2020-11-11,11498,27,684,46
2020-11-12,11420,54,697,37
2020-11-13,11823,86,1029,60
2020-11-14,12132,48,917,32
2020-11-15,12324,60,1018,43
2020-11-16,12602,31,928,33
2020-11-17,12789,34,1003,53
2020-11-18,12815,36,532,29
2020-11-19,13223,59,1071,54
2020-11-20,13222,51,645,55
2020-11-21,12855,35,887,52
2020-11-22,12844,26,925,38
2020-11-23,13843,35,1164,45
2020-11-24,14354,25,870,44
2020-11-25,12972,41,772,59
2020-11-26,11349,36,704,55
2020-11-27,11308,51,911,59
2020-11-28,11509,59,1122,45
2020-11-29,11482,33,1131,55
2020-11-30,10579,40,1050,60
2020-12-01,10497,31,1099,39
2020-12-02,10688,42,663,59
2020-12-03,10804,43,826,52
2020-12-04,10801,56,744,71
2020-12-05,10777,73,901,71
2020-12-06,11040,39,1088,64
2020-12-07,11605,50,1306,88
2020-12-08,10863,35,839,55
2020-12-09,10749,35,674,61
2020-12-10,11868,45,2011,62
2020-12-11,12735,68,1458,70
2020-12-12,13752,72,1671,66
2020-12-13,13668,53,1003,58
2020-12-14,13831,46,1175,55
2020-12-15,14516,36,1480,74
2020-12-16,14752,38,1115,53
2020-12-17,14672,46,957,66
2020-12-18,15141,39,1377,62
2020-12-19,15295,29,974,61
2020-12-20,15564,53,1119,63
2020-12-21,16497,34,1848,59
2020-12-22,17647,70,1776,58
2020-12-23,18280,41,1081,56
2020-12-24,18774,39,1286,90
2020-12-25,18577,45,961,67
2020-12-26,20036,65,1793,97
2020-12-27,20234,46,875,95
2020-12-28,20644,58,1299,93
2020-12-29,21444,37,1547,83
2020-12-30,22563,60,1306,121
2020-12-31,23599,63,2156,94
2021-01-01,23434,78,1715,115
2021-01-02,22399,60,1895,113
2021-01-03,21366,71,1307,114
2021-01-04,22090,72,1346,103
2021-01-05,22885,87,1610,125
2021-01-06,24348,68,1968,122
2021-01-07,25222,99,1594,189
2021-01-08,25141,91,2200,147
2021-01-09,26186,104,2002,153
2021-01-10,27333,95,1900,204
2021-01-11,28555,128,1657,180
2021-01-12,30391,121,2681,183
2021-01-13,32378,130,2354,214
2021-01-14,33990,128,2620,209
2021-01-15,35254,145,2471,196
2021-01-16,37127,177,3209,256
2021-01-17,37783,163,2399,213
2021-01-18,38792,161,2552,231
2021-01-19,39465,176,2840,271
2021-01-20,41088,178,3210,309
2021-01-21,41756,170,2365,312
2021-01-22,42815,177,2709,314
2021-01-23,42770,174,3337,313
2021-01-24,41678,176,2445,275
2021-01-25,41077,128,2309,292
2021-01-26,40575,160,2797,283
2021-01-27,42390,141,2847,259
2021-01-28,43193,169,3217,297
2021-01-29,45479,196,4215,403
2021-01-30,47389,194,4459,361
2021-01-31,48151,190,4171,338
2021-02-01,48075,127,3190,272
2021-02-02,47848,119,2370,201
2021-02-03,48310,135,3614,189
2021-02-04,48772,154,3502,279
2021-02-05,48752,108,2579,236
2021-02-06,50895,121,2855,258
2021-02-07,51242,107,2816,196
2021-02-08,51978,90,2624,171
2021-02-09,50842,103,2169,168
2021-02-10,52187,118,2283,175
2021-02-11,51796,120,2668,187
2021-02-12,51591,73,2789,158
2021-02-13,51569,106,2631,127
2021-02-14,49500,104,1920,183
2021-02-15,47144,95,1683,169
2021-02-16,44137,83,2012,157
2021-02-17,41403,87,2375,158
2021-02-18,38794,73,2122,189
2021-02-19,36802,110,2415,130
2021-02-20,34472,83,1857,113
2021-02-21,33307,89,2865,127
2021-02-22,32078,81,1801,102
2021-02-23,30471,78,1932,123
2021-02-24,30673,81,2932,168
2021-02-25,28832,74,1469,160
2021-02-26,27990,77,1812,184
2021-02-27,27024,101,1862,163
2021-02-28,26201,80,2039,119
2021-03-01,25538,58,1443,99
2021-03-02,24559,57,1202,129
2021-03-03,24021,60,1443,72
2021-03-04,23157,88,1570,130
2021-03-05,22030,174,1214,117
2021-03-06,21155,87,1143,129
2021-03-07,20329,97,1235,110
2021-03-08,19774,88,1152,110
2021-03-09,18700,46,1028,77
2021-03-10,18006,60,1161,85
2021-03-11,17540,59,1291,121
2021-03-12,17070,84,1123,132
2021-03-13,16707,65,1050,128
2021-03-14,16275,66,1004,105
2021-03-15,15507,82,890,79
2021-03-16,15200,60,767,92
2021-03-17,15071,54,790,77
2021-03-18,14778,70,860,90
2021-03-19,14356,67,1233,101
2021-03-20,14438,64,1333,112
2021-03-21,14514,57,1048,82
2021-03-22,14130,47,903,59
2021-03-23,14455,62,1096,96
2021-03-24,14638,64,988,72
2021-03-25,14505,63,992,121
2021-03-26,14270,72,918,98
2021-03-27,14210,102,799,77
2021-03-28,14381,74,983,102
2021-03-29,14220,52,708,74
2021-03-30,14201,68,859,74
2021-03-31,14605,85,1166,82
2021-04-01,14400,74,871,100
2021-04-02,14247,60,919,107
2021-04-03,14433,91,1275,100
2021-04-04,14510,71,885,100
2021-04-05,14279,61,783,93
2021-04-06,14162,94,886,77
2021-04-07,14098,68,811,128
2021-04-08,14204,77,1014,98
2021-04-09,14806,117,1349,174
2021-04-10,15060,115,1077,149
2021-04-11,15575,104,1300,143
2021-04-12,15836,80,918,142
2021-04-13,16301,87,1336,154
2021-04-14,16697,219,1221,166
2021-04-15,17576,234,1500,202
2021-04-16,18601,169,1961,179
2021-04-17,19095,327,1570,172
2021-04-18,19855,212,1517,171
2021-04-19,20523,259,1420,179
2021-04-20,21269,342,1552,194
2021-04-21,21688,413,1498,201
2021-04-22,22015,540,1788,230
2021-04-23,22513,322,1884,252
2021-04-24,22927,381,1768,244
2021-04-25,23754,279,1781,273
2021-04-26,24714,255,1859,286
2021-04-27,25415,318,1813,266
2021-04-28,26720,358,2057,363
2021-04-29,28094,341,2182,371
2021-04-30,29228,473,2420,405
2021-05-01,29632,279,1899,308
2021-05-02,30340,390,2182,336
2021-05-03,30754,239,1683,273
2021-05-04,31517,289,2074,356
2021-05-05,32940,303,2598,434
2021-05-06,33763,241,2500,418
2021-05-07,34790,372,2968,524
2021-05-08,36565,297,3050,537
2021-05-09,37061,238,2599,422
2021-05-10,37397,291,2544,495
2021-05-11,38500,296,2779,427
2021-05-12,40102,324,3355,582
2021-05-13,41583,480,3288,577
2021-05-14,41472,273,2751,586
2021-05-15,42136,235,2778,605
2021-05-16,41890,268,2559,521
2021-05-17,43507,307,2986,681
2021-05-18,44828,331,3338,658
2021-05-19,47341,381,4225,784
2021-05-20,50172,466,4759,844
2021-05-21,52107,419,4571,753
2021-05-22,53683,428,4178,830
2021-05-23,57023,438,4626,899
2021-05-24,60019,482,4472,701
2021-05-25,63459,533,4944,833
2021-05-26,66209,501,5103,836
2021-05-27,69409,578,5390,832
2021-05-28,72824,627,5564,871
2021-05-29,76219,619,6110,920
2021-05-30,78018,475,4656,748
2021-05-31,79524,518,4456,750
2021-06-01,80475,526,4800,758
2021-06-02,82275,507,5265,706
2021-06-03,83332,535,5766,776
2021-06-04,84370,494,5276,740
2021-06-05,85608,491,5044,718
2021-06-06,86629,366,4287,559
2021-06-07,84270,376,3659,514
2021-06-08,82798,357,3889,486
2021-06-09,81576,415,4290,564
2021-06-10,79849,396,3892,545
2021-06-11,78865,405,4787,509
2021-06-12,76248,398,3908,500
2021-06-13,73325,334,3672,415
2021-06-14,71626,327,3469,469
2021-06-15,70113,358,3654,541
2021-06-16,67950,355,3494,496
2021-06-17,66098,387,4122,456
2021-06-18,65603,337,4180,485
2021-06-19,64524,331,4185,449
2021-06-20,63816,354,3566,383
2021-06-21,62919,304,3121,372
2021-06-22,62028,290,3244,462
2021-06-23,60817,307,3649,448
2021-06-24,61163,379,4015,517
2021-06-25,60118,329,4108,431
2021-06-26,60647,326,4280,464
2021-06-27,61396,316,4174,424
2021-06-28,61813,348,3755,385
2021-06-29,62845,367,4191,517
2021-06-30,64130,377,4401,507
2021-07-01,65454,379,4843,503
2021-07-02,66085,413,5084,524
2021-07-03,66959,408,4565,484
2021-07-04,67670,383,4212,464
2021-07-05,69448,352,4683,439
2021-07-06,72202,400,4978,522
2021-07-07,74345,456,5029,479
2021-07-08,77276,493,6533,682
2021-07-09,80666,517,6471,637
2021-07-10,84022,485,6453,651
2021-07-11,87843,556,6492,661
2021-07-12,91273,580,5993,649
2021-07-13,96237,708,7622,759
2021-07-14,101360,699,8196,782
2021-07-15,108370,907,9270,796
2021-07-16,114054,715,9043,801
2021-07-17,119815,818,8698,818
2021-07-18,124594,639,7633,691
2021-07-19,128998,700,7999,709
2021-07-20,133704,802,8856,846
2021-07-21,137588,875,8059,910
2021-07-22,142052,864,9161,878
2021-07-23,147387,1081,10948,1122
2021-07-24,153634,962,11395,1257
2021-07-25,160904,1045,12076,1074
2021-07-26,165842,932,9783,897
2021-07-27,170226,1148,11432,1105
2021-07-28,175115,1182,12025,1231
2021-07-29,179181,1140,12206,1090
2021-07-30,183708,1178,11664,1108
2021-07-31,189611,1352,12260,1186
2021-08-01,195275,1274,11731,1258
2021-08-02,199053,1130,10783,1072
2021-08-03,203666,1239,11777,1192
2021-08-04,210524,1380,13795,1359
2021-08-05,217063,1388,14699,1350
2021-08-06,221398,1331,14859,1364
2021-08-07,224123,1383,13341,1433
2021-08-08,225396,1340,13078,1381
2021-08-09,227233,1209,11882,1182
2021-08-10,230765,1456,13501,1458
2021-08-11,233361,1454,14537,1424
2021-08-12,237024,1507,15101,1524
2021-08-13,241190,1433,14673,1593
2021-08-14,243945,1467,14295,1551
2021-08-15,247264,1507,14238,1370
2021-08-16,249280,1372,13518,1357
2021-08-17,252151,1424,13425,1442
2021-08-18,254488,1624,15125,1584
2021-08-19,255538,1665,16065,1647
2021-08-20,257421,1820,16011,1692
2021-08-21,260884,1685,14933,1714
2021-08-22,262259,1565,13288,1508
2021-08-23,260704,1374,11768,1491
2021-08-24,262717,1616,14024,1520
2021-08-25,264296,1767,15003,1791
2021-08-26,265845,1722,16450,1872
2021-08-27,265699,1649,15043,1739
2021-08-28,268552,1717,14876,1835
2021-08-29,268001,1638,13696,1560
2021-08-30,265718,1597,12579,1650
2021-08-31,267868,1683,14057,1760
2021-09-01,265279,1491,12434,1658
2021-09-02,262545,1796,13868,1891
2021-09-03,259194,1549,12793,1689
2021-09-04,256307,1668,12309,1801
2021-09-05,255794,1622,13561,1869
2021-09-06,252673,1451,11349,1562
2021-09-07,252007,1559,12033,1717
2021-09-08,248678,1593,13019,1856
2021-09-09,242808,1597,12928,1704
2021-09-10,242167,1814,13607,1986
2021-09-11,239354,1650,12772,1797
2021-09-12,237280,1686,12366,1914
2021-09-13,228127,1391,10332,1562
2021-09-14,225280,1318,10104,1476
2021-09-15,225593,1712,12409,1952
2021-09-16,227123,1528,12191,1792
2021-09-17,221343,1417,11621,1668
2021-09-18,219363,1321,9981,1595
2021-09-19,210472,1233,9644,1467
2021-09-20,207702,1244,9073,1500
2021-09-21,206477,1399,10017,1611
2021-09-22,201278,1264,9538,1523
2021-09-23,198288,1098,8850,1371
2021-09-24,195841,1278,9269,1528
2021-09-25,191438,1176,8648,1546
2021-09-26,183293,1140,8275,1398
2021-09-27,177564,947,6804,1356
2021-09-28,174496,995,7107,1279
2021-09-29,169722,959,7983,1448
2021-09-30,164540,1134,7954,1330
2021-10-01,160417,982,7492,1293
2021-10-02,155827,941,6802,1200
2021-10-03,150321,832,5381,1062
2021-10-04,142864,636,5063,979
2021-10-05,135949,681,5631,1047
2021-10-06,132179,761,5888,1064
2021-10-07,129053,773,6175,1215
2021-10-08,126002,762,6038,1181
2021-10-09,120249,720,5276,1075
2021-10-10,116599,542,4511,929
2021-10-11,112382,493,4087,912
2021-10-12,109000,579,4507,908
2021-10-13,106050,495,5006,1026
2021-10-14,101590,545,5019,1047
2021-10-15,98776,423,4664,944
2021-10-16,96666,468,4799,876
2021-10-17,93517,365,3836,773
2021-10-18,90444,317,3497,700
2021-10-19,87187,305,3725,711
2021-10-20,83226,271,3590,741
2021-10-21,81778,339,3949,826
2021-10-22,80700,303,4252,851
2021-10-23,77308,286,3711,740
2021-10-24,75950,293,3543,733
2021-10-25,73226,227,2944,651
2021-10-26,73261,263,3656,741
2021-10-27,71716,271,3940,809
2021-10-28,71361,289,4081,828
2021-10-29,70061,263,3905,757
2021-10-30,69156,266,3779,744
2021-10-31,67972,194,3241,685
2021-11-01,67236,151,2976,646
2021-11-02,66865,175,3291,715
2021-11-03,67163,199,3513,643
2021-11-04,66947,191,3734,734
2021-11-05,66243,173,3215,677
2021-11-06,65508,164,2999,686
2021-11-07,64626,150,2820,604
2021-11-08,61763,150,2924,667
2021-11-09,61777,208,3540,657
2021-11-10,62893,207,4208,812
2021-11-11,63830,245,4147,770
2021-11-12,64280,246,4288,823
2021-11-13,65322,178,3839,810
2021-11-14,65420,181,3256,783
2021-11-15,65959,195,3381,677
2021-11-16,65319,220,3508,699
2021-11-17,66796,225,4185,787
2021-11-18,67361,241,4253,832
2021-11-19,68640,228,4193,728
2021-11-20,69488,251,3846,730
2021-11-21,68793,189,3260,604
2021-11-22,67987,200,3205,661
2021-11-23,68626,212,3760,677
2021-11-24,69262,227,3798,745
2021-11-25,68756,245,4033,817
2021-11-26,67548,196,3722,661
2021-11-27,67253,212,3409,631
2021-11-28,66456,155,2818,524
2021-11-29,65498,202,2626,546
2021-11-30,65154,209,3290,583
2021-12-01,63741,197,3668,645
2021-12-02,62254,304,3875,643
2021-12-03,62487,304,3683,626
2021-12-04,62671,211,3298,537
2021-12-05,62001,184,2866,509
2021-12-06,60331,185,2804,542
2021-12-07,60413,229,3314,645
2021-12-08,60880,223,3434,575
2021-12-09,60858,282,3724,574
2021-12-10,60875,223,3410,581
2021-12-11,60780,192,3113,553
2021-12-12,58854,143,2318,487
2021-12-13,57928,154,2317,475
2021-12-14,57676,159,2771,511
2021-12-15,56991,139,2720,458
2021-12-16,56231,142,2927,521
2021-12-17,55477,193,2976,490
2021-12-18,54096,142,2757,503
2021-12-19,53484,105,2152,390
2021-12-20,52220,99,1659,370
2021-12-21,51026,152,2054,391
2021-12-22,49397,163,2369,444
2021-12-23,47866,133,2387,443
2021-12-24,46886,148,2409,420
2021-12-25,45601,135,2131,431
2021-12-26,44821,120,1855,370
2021-12-27,42923,143,1854,343
2021-12-28,42363,137,1957,352
2021-12-29,41688,145,2530,499
2021-12-30,41667,182,2674,546
2021-12-31,41227,150,2495,424
2022-01-01,41040,151,2296,405
2022-01-02,40612,123,1980,372
2022-01-03,39739,135,1816,376
2022-01-04,39688,139,1875,368
2022-01-05,39745,158,2197,445
2022-01-06,39785,190,2387,443
2022-01-07,39703,177,2249,383
2022-01-08,39782,156,2200,407
2022-01-09,39933,160,1945,343
2022-01-10,39748,160,1709,334
2022-01-11,39919,231,2080,346
2022-01-12,39902,168,2151,368
2022-01-13,40282,211,2482,370
2022-01-14,40564,209,2301,336
2022-01-15,40791,186,2112,311
2022-01-16,41205,256,2048,260
2022-01-17,40624,273,1473,239
2022-01-18,40767,444,2033,312
2022-01-19,41135,451,2095,243
2022-01-20,41623,526,2388,343
2022-01-21,42849,667,2525,354
2022-01-22,44093,510,2695,335
2022-01-23,45126,468,2500,332
2022-01-24,45214,462,2012,322
2022-01-25,45705,588,2594,321
2022-01-26,46791,634,3160,302
2022-01-27,47811,957,3450,331
2022-01-28,50036,592,3758,346
2022-01-29,51403,591,3434,342
2022-01-30,53254,545,3306,344
2022-01-31,54783,539,3134,327
2022-02-01,57155,530,3811,384
2022-02-02,59688,497,4054,368
2022-02-03,61432,488,3981,385
2022-02-04,63401,581,5105,506
2022-02-05,65958,712,6393,644
2022-02-06,69578,858,6938,778
2022-02-07,74567,937,7591,852
2022-02-08,83077,1174,9578,1117
2022-02-09,94521,1581,11794,1329
2022-02-10,107889,1541,13392,1417
2022-02-11,122997,1836,14686,1455
2022-02-12,140342,1797,16321,1640
2022-02-13,155679,1608,15081,1526
2022-02-14,168453,1594,15373,1557
2022-02-15,182971,1611,15673,1731
2022-02-16,202869,2177,19788,1984
2022-02-17,217787,2019,19004,1867
2022-02-18,233071,2143,19726,2069
2022-02-19,243348,2068,20581,2170
2022-02-20,251684,1828,19331,1972
2022-02-21,258991,1676,18041,1964
2022-02-22,267090,1765,19424,2125
2022-02-23,277835,2067,21944,2554
2022-02-24,286527,1911,23538,2553
2022-02-25,294436,1629,22540,2491
2022-02-26,298982,1462,19914,2296
2022-02-27,301029,1250,17716,2157
2022-02-28,293430,1188,16748,2178
2022-03-01,293658,1291,18785,2480
2022-03-02,293486,1300,19879,2688
2022-03-03,298238,1586,23662,2945
2022-03-04,305017,1517,24396,3044
2022-03-05,311213,1508,24815,3072
2022-03-06,308258,1110,20164,2692
2022-03-07,304311,1188,19679,2680
2022-03-08,306687,1327,23306,3048
2022-03-09,310167,1244,22251,3161
2022-03-10,314427,1293,22491,3092
2022-03-11,322707,1276,23961,3348
2022-03-12,323791,984,19372,2814
2022-03-13,320883,836,16449,2436
2022-03-14,308949,744,16293,2311
2022-03-15,304154,1039,19292,2746
2022-03-16,299338,1079,20743,2894
2022-03-17,296806,914,19763,2838
2022-03-18,294373,903,17754,2517
2022-03-19,283282,842,16138,2300
2022-03-20,274066,689,13991,1948
2022-03-21,263828,709,12703,1900
2022-03-22,252677,780,15613,2135
2022-03-23,248869,791,16423,2282
2022-03-24,247609,1051,17734,2411
2022-03-25,247072,1023,15464,2080
2022-03-26,242494,923,14765,2082
2022-03-27,233148,757,12050,1647
2022-03-28,220878,496,9256,1465
2022-03-29,211877,642,10605,1545
2022-03-30,206599,739,11186,1511
2022-03-31,206862,773,13048,1598
2022-04-01,206987,802,12108,1530
2022-04-02,201240,671,10363,1304
2022-04-03,192955,598,8596,1140
2022-04-04,179627,502,6960,972
2022-04-05,171180,530,8483,1014
2022-04-06,162224,595,8417,1084
2022-04-07,157579,740,8323,1040
2022-04-08,158447,850,10564,1251
2022-04-09,153471,608,6983,909
2022-04-10,145806,614,5499,746
2022-04-11,134477,551,5287,751
2022-04-12,126463,759,6213,826
2022-04-13,120600,953,6865,825
2022-04-14,117793,1116,6874,842
2022-04-15,113183,1227,6303,794
2022-04-16,108530,1257,6258,777
2022-04-17,103908,708,4385,637
2022-04-18,96609,648,4801,704
2022-04-19,92047,982,3760,551
2022-04-20,90732,978,4504,601
2022-04-21,88192,650,3869,506
2022-04-22,85411,714,4238,534
2022-04-23,80985,563,3778,466
2022-04-24,74760,415,2735,355
2022-04-25,68015,258,1650,276
2022-04-26,61879,400,2192,305
2022-04-27,58444,391,2288,330
2022-04-28,53784,274,2125,259
2022-04-29,50302,184,1903,260
2022-04-30,45514,179,1508,207
2022-05-01,41175,111,1086,160
2022-05-02,36448,77,1009,151
2022-05-03,31841,74,619,126
2022-05-04,28785,68,558,207
2022-05-05,27462,71,894,150
2022-05-06,25525,58,941,137
2022-05-07,23284,72,1004,160
2022-05-08,22564,109,1614,208
2022-05-09,22376,133,1708,214
2022-05-10,22961,189,1912,248
2022-05-11,24858,259,2421,285
2022-05-12,26834,222,2550,303
2022-05-13,28742,249,2251,263
2022-05-14,29770,167,1784,208
2022-05-15,30743,158,1661,193
2022-05-16,30887,117,1237,178
2022-05-17,30517,103,1047,152
2022-05-18,29979,168,1521,180
2022-05-19,29797,168,1590,189
2022-05-20,29237,187,1488,178
2022-05-21,28093,166,1463,200
2022-05-22,26519,133,1285,199
2022-05-23,25156,128,1140,155
2022-05-24,24948,175,1397,173
2022-05-25,25180,199,1833,209
2022-05-26,25197,127,1396,177
2022-05-27,25392,166,1289,208
2022-05-28,25226,155,1209,140
2022-05-29,24401,88,843,113
2022-05-30,23787,114,939,146
2022-05-31,23160,147,1037,145
2022-06-01,23056,166,1345,143
2022-06-02,23216,166,1441,142
2022-06-03,23054,159,1382,155
2022-06-04,22455,98,1226,137
2022-06-05,22191,96,1043,129
2022-06-06,21638,82,1034,114
2022-06-07,21210,68,832,129
2022-06-08,21597,70,1211,142
2022-06-09,22082,94,1497,156
2022-06-10,22759,88,1770,179
2022-06-11,22720,70,1327,168
2022-06-12,22403,90,1217,144
2022-06-13,22615,101,1681,169
2022-06-14,22969,131,1460,176
2022-06-15,23894,167,1774,200
2022-06-16,24585,128,1607,146
2022-06-17,25634,113,1687,192
2022-06-18,26370,121,1642,191
2022-06-19,25952,79,1334,152
2022-06-20,25960,107,1670,176
2022-06-21,26163,117,1429,222
2022-06-22,27034,200,1822,224
2022-06-23,27326,173,2196,254
2022-06-24,28255,188,1893,274
2022-06-25,28018,152,1715,282
2022-06-26,28159,141,1499,185
2022-06-27,28101,152,1368,219
2022-06-28,27755,147,1477,217
2022-06-29,28722,226,1959,216
2022-06-30,29442,229,2137,263
2022-07-01,30225,229,2047,277
2022-07-02,30393,153,1914,233
2022-07-03,29801,167,1889,281
2022-07-04,29390,142,1437,197
2022-07-05,30027,217,2219,271
2022-07-06,31548,300,2671,318
2022-07-07,33847,280,3109,309
2022-07-08,35206,201,2773,361
2022-07-09,35331,193,2096,278
2022-07-10,35890,204,2480,343
2022-07-11,35766,174,1781,255
2022-07-12,35724,154,1729,263
2022-07-13,36902,298,2996,401
2022-07-14,38921,256,3146,394
2022-07-15,41216,300,4082,506
2022-07-16,42489,296,3871,528
2022-07-17,42519,229,3009,423
2022-07-18,42193,189,2251,379
2022-07-19,43152,241,2787,551
2022-07-20,45492,321,4396,571
2022-07-21,47417,285,3425,518
2022-07-22,48676,226,2883,505
2022-07-23,49555,229,3839,421
2022-07-24,48260,141,1954,393
2022-07-25,46324,188,2369,473
2022-07-26,46268,318,3564,535
2022-07-27,46914,287,3425,479
2022-07-28,47294,220,2924,455
2022-07-29,48308,286,3764,462
2022-07-30,47022,265,3235,451
2022-07-31,45314,132,2005,392
2022-08-01,44672,153,2336,473
2022-08-02,44286,225,3145,522
2022-08-03,46531,322,4105,518
2022-08-04,47542,240,3321,504
2022-08-05,46514,243,2890,464
2022-08-06,46912,256,3620,442
2022-08-07,45778,149,1928,391
2022-08-08,43883,178,2068,349
2022-08-09,42725,198,2238,362
2022-08-10,44630,313,3695,469
2022-08-11,46089,282,3614,519
2022-08-12,45383,278,2890,425
2022-08-13,44625,266,3321,436
2022-08-14,43439,164,2254,370
2022-08-15,42210,148,1746,303
2022-08-16,40748,218,2509,370
2022-08-17,41708,234,2568,399
2022-08-18,42483,245,3080,411
2022-08-19,42774,216,2541,368
2022-08-20,40897,142,2091,336
2022-08-21,38925,139,1833,288
2022-08-22,37703,102,1462,316
2022-08-23,35558,156,1976,352
2022-08-24,34977,148,1899,326
2022-08-25,35995,176,2483,299
2022-08-26,35744,170,2370,329
2022-08-27,34515,131,1873,302
2022-08-28,32908,101,1637,270
2022-08-29,31575,92,1405,287
2022-08-30,31166,105,1596,260
2022-08-31,30998,110,1790,255
2022-09-01,31470,104,1800,269
2022-09-02,31171,112,1743,310
2022-09-03,30204,108,1742,254
2022-09-04,28968,72,1424,264
2022-09-05,27553,40,1105,231
2022-09-06,27335,59,1568,307
2022-09-07,27083,64,1940,277
2022-09-08,27407,48,1768,263
2022-09-09,27377,48,1557,250
2022-09-10,26956,60,1518,252
2022-09-11,26346,39,1108,219
2022-09-12,26040,64,1398,239
2022-09-13,25700,81,1460,258
2022-09-14,26306,100,1827,332
2022-09-15,27212,103,1816,295
2022-09-16,27165,96,1469,268
2022-09-17,26039,48,1205,204
2022-09-18,25618,73,1234,197
2022-09-19,25090,44,954,194
2022-09-20,24722,77,1188,261
2022-09-21,25334,97,1608,245
2022-09-22,25666,119,1697,261
2022-09-23,25724,92,1539,303
2022-09-24,25285,81,1459,254
2022-09-25,24539,95,1221,193
2022-09-26,24028,57,854,172
2022-09-27,23890,78,1119,210
2022-09-28,24720,127,1904,244
2022-09-29,25181,104,1353,267
2022-09-30,25776,97,1521,270
2022-10-01,25016,103,1162,228
2022-10-02,24104,53,1053,175
2022-10-03,23338,52,948,161
2022-10-04,22964,66,1123,181
2022-10-05,23045,78,1348,186
2022-10-06,23608,84,1380,224
2022-10-07,23884,75,1382,227
2022-10-08,23128,62,1214,239
2022-10-09,22779,72,1125,166
2022-10-10,22174,41,978,141
2022-10-11,21870,57,987,177
2022-10-12,22152,74,1260,207
2022-10-13,22811,91,1648,226
2022-10-14,23564,104,1777,241
2022-10-15,23888,90,1575,242
2022-10-16,23899,59,1335,221
2022-10-17,23077,41,904,182
2022-10-18,23432,62,1503,209
2022-10-19,24338,108,1823,235
2022-10-20,25643,112,2062,259
2022-10-21,26533,91,1719,294
2022-10-22,27306,90,2122,271
2022-10-23,27385,58,1631,289
2022-10-24,27001,46,1375,246
2022-10-25,26804,51,1392,198
2022-10-26,27239,67,1722,253
2022-10-27,28726,66,2281,288
2022-10-28,30061,110,2655,384
2022-10-29,30708,122,2580,343
2022-10-30,31371,120,2596,303
2022-10-31,31442,111,2309,319
2022-11-01,31753,116,2291,355
2022-11-02,33024,145,3238,394
2022-11-03,34604,217,3848,460
2022-11-04,35534,264,3499,415
2022-11-05,36577,312,3649,435
2022-11-06,36711,206,3084,428
2022-11-07,34710,114,1970,292
2022-11-08,35593,311,2934,362
2022-11-09,34903,284,2477,353
2022-11-10,34039,272,2648,370
2022-11-11,33072,289,2412,383
2022-11-12,31215,258,2141,344
2022-11-13,29611,117,1687,302
2022-11-14,28790,91,1336,231
2022-11-15,27920,184,2195,337
2022-11-16,28171,266,2493,408
2022-11-17,27883,193,2741,378
2022-11-18,27717,146,2379,343
2022-11-19,27162,82,1987,291
2022-11-20,26804,35,1229,273
2022-11-21,27147,77,1680,249
2022-11-22,27009,97,1916,375
2022-11-23,27219,146,2800,424
2022-11-24,26862,133,2161,412
2022-11-25,26909,108,2330,400
2022-11-26,27014,101,2142,480
2022-11-27,27213,89,1527,291
2022-11-28,27644,72,2000,289
2022-11-29,26584,48,1303,230
2022-11-30,24966,69,1269,312
2022-12-01,24473,176,1711,340
2022-12-02,24059,116,1867,334
2022-12-03,23105,80,1417,257
2022-12-04,22511,51,1178,198
2022-12-05,21806,69,1159,262
2022-12-06,21764,67,1200,280
2022-12-07,22012,87,1265,240
2022-12-08,21479,86,1184,256
2022-12-09,20474,88,1195,232
2022-12-10,19183,45,999,194
2022-12-11,18727,28,614,174
2022-12-12,17978,22,575,169
2022-12-13,17553,31,782,171
2022-12-14,17221,21,955,201
2022-12-15,16817,15,906,193
2022-12-16,16527,27,871,193
2022-12-17,16055,13,770,153
2022-12-18,15742,23,624,152
2022-12-19,15547,15,516,159
2022-12-20,15417,23,650,109
2022-12-21,14860,19,779,141
2022-12-22,14601,16,674,126
2022-12-23,14393,12,722,123
2022-12-24,14132,6,602,132
2022-12-25,14004,11,456,113
2022-12-26,13825,11,345,106
2022-12-27,13408,5,286,104
2022-12-28,12927,9,331,112
2022-12-29,12677,4,524,113
2022-12-30,12329,12,442,103
2022-12-31,12008,16,364,106
2023-01-01,11877,12,305,81
2023-01-02,11813,6,257,73
2023-01-03,11769,15,226,66
2023-01-04,11702,18,321,61
2023-01-05,11570,16,407,117
2023-01-06,10631,16,408,85
2023-01-07,10647,19,441,74
2023-01-08,10610,16,291,69
2023-01-09,10630,17,274,64
2023-01-10,10628,10,282,63
2023-01-11,10588,14,236,74
2023-01-12,10342,13,274,66
2023-01-13,10153,21,223,56
2023-01-14,9850,12,207,44
2023-01-15,9693,7,174,41
2023-01-16,9547,6,168,42
2023-01-17,9543,21,248,60
2023-01-18,9606,18,269,60
2023-01-19,9593,14,235,41
2023-01-20,9571,12,198,49
2023-01-21,9536,10,200,65
2023-01-22,9553,7,239,48
2023-01-23,9428,5,103,26
2023-01-24,9214,3,76,15
2023-01-25,8999,2,89,33
2023-01-26,8843,7,116,35
2023-01-27,8765,11,161,44
2023-01-28,8712,10,206,30
2023-01-29,8696,6,193,51
2023-01-30,8755,2,153,24
2023-01-31,8901,13,186,39
2023-02-01,9113,29,239,40
2023-02-02,9289,9,256,41
2023-02-03,9213,12,256,52
2023-02-04,9139,9,136,42
2023-02-05,8561,7,144,42
2023-02-06,7722,2,125,28
2023-02-07,7651,8,125,39
2023-02-08,7561,3,133,37
2023-02-09,7455,5,194,49
2023-02-10,7400,8,207,27
2023-02-11,7268,8,188,42
2023-02-12,7070,4,117,22
2023-02-13,6979,4,119,32
2023-02-14,7023,6,149,31
2023-02-15,7044,5,181,35
2023-02-16,7068,8,225,31
2023-02-17,7074,7,188,30
2023-02-18,6975,4,172,31
2023-02-19,7002,1,151,25
2023-02-20,6999,2,129,25
2023-02-21,6991,6,144,27
2023-02-22,6993,6,177,40
2023-02-23,6939,5,177,30
2023-02-24,6889,3,168,28
2023-02-25,6843,0,143,24
2023-02-26,6875,3,158,35
2023-02-27,6888,4,122,55
2023-02-28,6917,3,157,34
2023-03-01,6899,5,173,27
2023-03-02,7138,5,193,40
2023-03-03,7129,4,157,31
2023-03-04,7121,2,129,32
2023-03-05,6464,1,128,24
2023-03-06,6471,8,139,26
2023-03-07,6495,7,176,31
2023-03-08,6513,4,189,32
2023-03-09,6556,3,224,42
2023-03-10,6610,7,205,30
2023-03-11,6640,3,178,32
2023-03-12,6699,4,179,32
2023-03-13,6745,5,162,35
2023-03-14,6781,5,201,50
2023-03-15,6801,6,223,32
2023-03-16,6850,7,255,39
2023-03-17,6882,7,231,36
2023-03-18,6917,4,228,28
2023-03-19,6955,5,193,48
2023-03-20,6926,5,144,28
2023-03-21,6962,7,246,55
2023-03-22,7031,8,286,47
2023-03-23,7096,11,274,43
2023-03-24,7210,12,303,52
2023-03-25,7307,19,273,35
2023-03-26,7634,13,262,31
2023-03-27,7858,15,158,40
2023-03-28,7884,12,270,47
2023-03-29,7982,34,321,70
2023-03-30,8138,100,313,58
2023-03-31,8347,142,368,72
2023-04-01,8570,150,351,73
2023-04-02,8673,42,313,58
2023-04-03,8900,59,305,64
2023-04-04,9149,173,358,50
2023-04-05,9399,159,487,68
2023-04-06,10199,133,537,86
2023-04-07,10399,123,544,88
2023-04-08,10541,121,478,77
2023-04-09,10639,43,376,74
2023-04-10,10710,37,399,74
2023-04-11,11307,64,422,82
2023-04-12,11517,143,627,94
2023-04-13,11602,86,632,127
2023-04-14,11657,61,621,103
2023-04-15,11777,116,644,87
2023-04-16,11982,92,509,103
2023-04-17,11915,19,398,58
2023-04-18,12032,63,542,139
2023-04-19,11959,33,574,131
2023-04-20,11892,32,577,103
2023-04-21,11741,25,542,100
2023-04-22,11421,14,417,104
2023-04-23,11152,6,353,74
2023-04-24,11059,8,291,67
2023-04-25,10835,13,393,123
2023-04-26,10640,11,455,121
2023-04-27,10706,13,631,155
2023-04-28,11098,20,809,200
2023-04-29,11548,22,801,184
2023-04-30,12046,23,729,170
2023-05-01,12436,16,587,154
2023-05-02,13225,26,572,161
2023-05-03,14573,43,1008,218
2023-05-04,15068,67,1048,212
2023-05-05,15232,52,864,195
2023-05-06,15228,41,817,182
2023-05-07,15288,38,735,156
2023-05-08,15523,31,782,174
2023-05-09,16780,73,875,230
2023-05-10,16876,86,1060,207
2023-05-11,18200,77,978,189
2023-05-12,19520,182,906,175
2023-05-13,19472,82,890,171
2023-05-14,19328,70,507,134
2023-05-15,19035,63,521,122
2023-05-16,18803,59,778,179
2023-05-17,18466,57,777,118
2023-05-18,18334,67,814,177
2023-05-19,17993,60,710,146
2023-05-20,17504,27,590,131
2023-05-21,17503,34,536,130
2023-05-22,17397,90,412,115
2023-05-23,17286,37,706,151
2023-05-24,17237,69,729,135
2023-05-25,17022,50,634,109
2023-05-26,16890,51,606,117
2023-05-27,16892,35,563,128
2023-05-28,16743,17,452,95
2023-05-29,16595,19,377,92
2023-05-30,16465,30,560,150
2023-05-31,16248,18,581,115
2023-06-01,16912,11,527,100
2023-06-02,17579,21,511,99
2023-06-03,17303,11,404,122
2023-06-04,16697,12,353,78
2023-06-05,16509,8,264,64
2023-06-06,16183,15,295,93
2023-06-07,16841,22,503,102
2023-06-08,17521,33,519,100
2023-06-09,18143,24,486,84
2023-06-10,18134,27,446,107
2023-06-11,18202,14,403,69
2023-06-12,18180,16,236,82
2023-06-13,18302,20,419,101
2023-06-14,18194,21,401,81
2023-06-15,18031,18,345,77
2023-06-16,17971,22,464,76
2023-06-17,17741,15,306,64
2023-06-18,17645,19,256,72
2023-06-19,17385,14,195,59
2023-06-20,17143,19,299,76
2023-06-21,16922,34,311,67
2023-06-22,16743,22,302,60
2023-06-23,16504,17,323,73
2023-06-24,16303,19,253,54
2023-06-25,16029,9,199,45
2023-06-26,15874,10,99,32
2023-06-27,15720,7,208,48
2023-06-28,15528,9,186,38
2023-06-29,15334,6,179,22
2023-06-30,15118,5,129,41
2023-07-01,14954,6,131,27
2023-07-02,14827,7,85,17
2023-07-03,14862,5,124,41
2023-07-04,14710,6,124,30
2023-07-05,14656,12,152,29
2023-07-06,13918,5,155,50
2023-07-07,13920,12,132,27
2023-07-08,13892,4,105,22
2023-07-09,13915,6,97,27
2023-07-10,13883,8,102,20
2023-07-11,13877,9,125,32
2023-07-12,13886,12,135,36
2023-07-13,13815,17,123,21
2023-07-14,13835,7,158,30
2023-07-15,13867,5,127,30
2023-07-16,13885,3,97,24
2023-07-17,13854,6,90,20
2023-07-18,13795,17,107,14
2023-07-19,13791,7,116,30
2023-07-20,13754,7,94,19
2023-07-21,13687,9,89,21
2023-07-22,13626,7,95,20
2023-07-23,13604,3,73,16
2023-07-24,13586,5,68,23
2023-07-25,13555,5,95,27
2023-07-26,13570,10,127,25
2023-07-27,13586,10,107,46
2023-07-28,13582,5,92,17
2023-07-29,13597,17,90,13
2023-07-30,13552,5,41,11
2023-07-31,13514,4,46,7
2023-08-01,13482,3,80,24
2023-08-02,13439,5,82,21
2023-08-03,13365,4,81,11
2023-08-04,13383,3,101,14
2023-08-05,13360,6,84,11
2023-08-06,12733,3,58,7
2023-08-07,12706,5,35,12
2023-08-08,12660,4,49,9
2023-08-09,12646,6,66,17
2023-08-10,12654,9,78,13
2023-08-11,12623,8,74,15
2023-08-12,12600,2,53,12
2023-08-13,12606,4,61,7
2023-08-14,12616,3,50,12
2023-08-15,12652,5,79,13
2023-08-16,12689,10,94,16
2023-08-17,12672,2,75,10
2023-08-18,12675,4,86,11
2023-08-19,12724,5,83,15
2023-08-20,12722,5,43,10
2023-08-21,12715,4,52,10
2023-08-22,12702,4,72,18
2023-08-23,12712,3,97,24
2023-08-24,12725,2,79,14
2023-08-25,12735,7,80,18
2023-08-26,12714,4,72,5
2023-08-27,12717,2,52,10
2023-08-28,12707,0,52,10
2023-08-29,12679,4,58,15
2023-08-30,12656,1,73,23
2023-08-31,12625,1,65,8
2023-09-01,12578,1,46,11
2023-09-02,12538,4,42,8
2023-09-03,12548,1,49,21
2023-09-04,12541,2,39,9
2023-09-05,11733,3,97,15
2023-09-06,11085,3,77,15
2023-09-07,11108,6,85,16
2023-09-08,11153,6,85,15
2023-09-09,11208,4,66,26
2023-09-10,11222,4,53,22
2023-09-11,11227,1,51,14
2023-09-12,11227,6,88,20
2023-09-13,11259,2,96,14
2023-09-14,11269,8,88,17
2023-09-15,11265,8,71,16
2023-09-16,11240,6,62,16
2023-09-17,11249,22,47,10
2023-09-18,11234,2,34,13
2023-09-19,11191,9,62,17
2023-09-20,11198,8,93,17
2023-09-21,11203,4,97,19
2023-09-22,11212,4,86,20
2023-09-23,11210,3,68,13
2023-09-24,11204,2,53,15
2023-09-25,11214,2,48,9
2023-09-26,11280,7,135,14
2023-09-27,11307,11,118,21
2023-09-28,11307,6,100,19
2023-09-29,11290,3,81,14
2023-09-30,11296,3,68,23
2023-10-01,11320,8,57,20
2023-10-02,11369,3,78,19
2023-10-03,11346,2,111,28
2023-10-04,11350,4,114,36
2023-10-05,11356,6,92,30
2023-10-06,11394,7,97,18
2023-10-07,11445,3,104,26
2023-10-08,11445,4,62,18
2023-10-09,11430,0,79,25
2023-10-10,11426,8,96,19
2023-10-11,11446,8,150,22
2023-10-12,11480,10,133,21
2023-10-13,11505,9,129,33
2023-10-14,11554,6,139,27
2023-10-15,11600,2,88,26
2023-10-16,11609,1,81,26
2023-10-17,11648,22,114,27
2023-10-18,11661,13,150,29
2023-10-19,11669,10,153,23
2023-10-20,11662,6,120,21
2023-10-21,11643,6,111,35
2023-10-22,11631,2,85,26
2023-10-23,11659,5,105,24
2023-10-24,11708,10,165,40
2023-10-25,11722,10,153,35
2023-10-26,11742,8,161,33
2023-10-27,11793,12,162,23
2023-10-28,11849,10,151,33
2023-10-29,11890,6,102,36
2023-10-30,11899,9,105,31
2023-10-31,11901,10,175,47
2023-11-01,11978,9,223,49
2023-11-02,12056,18,239,37
2023-11-03,12128,13,210,42
2023-11-04,11580,6,187,57
2023-11-05,10278,8,132,32
2023-11-06,10267,6,108,27
2023-11-07,10330,41,209,41
2023-11-08,10356,15,237,41
2023-11-09,10381,8,256,47
2023-11-10,10403,19,222,54
2023-11-11,10353,9,178,37
2023-11-12,10452,14,184,52
2023-11-13,10482,4,126,36
2023-11-14,10456,10,189,55
2023-11-15,10474,8,258,56
2023-11-16,10576,14,333,74
2023-11-17,10719,25,330,66
2023-11-18,10857,9,290,59
2023-11-19,10875,4,214,46
2023-11-20,10990,15,203,61
2023-11-21,11216,21,359,99
2023-11-22,11539,28,484,106
2023-11-23,11714,33,465,88
2023-11-24,11944,32,526,87
2023-11-25,12189,23,455,111
2023-11-26,12554,36,440,140
2023-11-27,12686,37,324,66
2023-11-28,12933,46,561,114
2023-11-29,13459,76,950,120
2023-11-30,14009,73,908,131
2023-12-01,14806,182,1071,163
2023-12-02,15322,126,823,127
2023-12-03,15738,73,785,125
2023-12-04,16181,47,682,142
2023-12-05,15870,106,1270,155
2023-12-06,16723,143,1583,240
2023-12-07,18004,124,2003,267
2023-12-08,18628,128,1632,255
2023-12-09,20017,176,2014,263
2023-12-10,21345,111,1784,296
2023-12-11,22237,75,1462,198
2023-12-12,23222,144,1949,305
2023-12-13,24692,216,2776,328
2023-12-14,25982,207,3158,398
2023-12-15,27264,132,2732,373
2023-12-16,28375,103,2734,409
2023-12-17,28655,62,2181,357
2023-12-18,29180,66,2022,364
2023-12-19,29980,79,2713,398
2023-12-20,31714,70,4272,561
2023-12-21,32221,83,3784,530
2023-12-22,33164,62,3449,605
2023-12-23,33285,57,2808,520
2023-12-24,33744,46,2646,505
2023-12-25,33547,54,1792,345
2023-12-26,32477,42,1717,415
2023-12-27,30465,56,2405,448
2023-12-28,29338,43,2797,471
2023-12-29,28584,64,2771,530
2023-12-30,27894,48,2191,465
2023-12-31,26925,56,1759,403
2024-01-01,26553,55,1474,326
2024-01-02,26108,57,1408,292
2024-01-03,25570,89,1934,394
2024-01-04,25456,127,2520,437
2024-01-05,24954,135,2256,425
2024-01-06,24463,88,1758,357
2024-01-07,24383,78,1703,305
2024-01-08,23892,85,1050,233
2024-01-09,23629,76,1306,247
2024-01-10,23114,106,1459,251
2024-01-11,21904,102,1524,278
2024-01-12,20650,85,1291,223
2024-01-13,19689,81,992,182
2024-01-14,18813,66,1016,184
2024-01-15,18326,62,707,128
2024-01-16,18059,114,1035,198
2024-01-17,17658,118,1146,164
2024-01-18,16729,63,861,144
2024-01-19,16138,49,826,140
2024-01-20,15648,40,637,122
2024-01-21,15026,31,487,116
2024-01-22,14686,33,462,78
2024-01-23,14019,43,555,112
2024-01-24,13341,30,685,84
2024-01-25,12933,38,551,97
2024-01-26,12372,25,356,112
2024-01-27,11920,20,309,68
2024-01-28,11729,14,376,67
2024-01-29,11447,18,237,56
2024-01-30,11072,20,300,65
2024-01-31,10678,15,357,58
2024-02-01,10363,15,321,54
2024-02-02,10113,10,199,32
2024-02-03,9894,10,133,33
2024-02-04,9633,6,147,44
2024-02-05,9502,9,142,53
2024-02-06,9337,7,169,41
2024-02-07,9138,8,206,28
2024-02-08,8911,9,135,30
2024-02-09,8839,7,138,32
2024-02-10,8821,4,141,18
2024-02-11,8728,5,75,15
2024-02-12,8572,2,40,15
2024-02-13,8438,5,61,27
2024-02-14,8306,6,99,28
2024-02-15,8222,1,73,26
2024-02-16,8155,7,91,21
2024-02-17,8131,3,113,18
2024-02-18,8195,3,124,24
2024-02-19,8235,3,86,18
2024-02-20,8270,3,113,14
2024-02-21,8268,1,104,20
2024-02-22,8290,3,101,19
2024-02-23,8282,4,89,15
2024-02-24,8236,2,74,15
2024-02-25,8156,2,49,18
2024-02-26,8115,1,50,10
2024-02-27,8085,1,80,16
2024-02-28,8088,1,111,7
2024-02-29,8070,0,94,11
2024-03-01,8045,0,75,12
2024-03-02,8011,0,53,8
2024-03-03,8000,1,44,14
2024-03-04,7994,1,44,12
2024-03-05,7984,3,70,19
2024-03-06,7938,2,65,14
2024-03-07,7954,5,98,15
2024-03-08,7936,5,53,12
2024-03-09,7935,2,47,12
2024-03-10,7926,1,37,11
2024-03-11,7910,3,36,7
2024-03-12,7905,5,73,10
2024-03-13,7922,3,86,12
2024-03-14,7921,7,90,9
2024-03-15,7942,2,78,11
2024-03-16,7960,5,59,9
2024-03-17,7980,1,49,14
2024-03-18,7969,1,33,11
2024-03-19,7960,4,67,7
2024-03-20,7951,6,74,11
2024-03-21,7923,3,69,8
2024-03-22,7903,2,56,8
2024-03-23,7878,1,37,9
2024-03-24,7883,1,52,12
2024-03-25,7876,4,30,5
2024-03-26,7869,5,56,7
2024-03-27,7852,2,63,6
2024-03-28,7811,2,37,6
2024-03-29,7797,3,45,10
2024-03-30,7792,3,38,8
2024-03-31,7758,1,27,6
2024-04-01,7763,0,40,7
2024-04-02,7817,4,36,9
2024-04-03,7921,5,77,17
2024-04-04,7980,30,59,10
2024-04-05,8002,12,56,11
2024-04-06,8014,6,46,7
2024-04-07,8018,1,30,5
2024-04-08,8013,4,23,12
2024-04-09,8004,2,34,6
2024-04-10,7940,1,30,6
2024-04-11,7866,0,26,3
2024-04-12,7805,0,14,7
2024-04-13,7769,1,18,7
2024-04-14,7758,1,19,6
2024-04-15,7775,3,51,3
2024-04-16,7841,1,77,19
2024-04-17,7926,7,94,14
2024-04-18,8029,8,113,9
2024-04-19,8143,1,103,16
2024-04-20,8234,5,94,8
2024-04-21,8280,4,56,12
2024-04-22,8280,3,49,11
2024-04-23,8297,4,99,15
2024-04-24,8305,7,102,14
2024-04-25,8317,5,109,21
2024-04-26,8279,7,76,8
2024-04-27,8251,5,69,11
2024-04-28,8264,7,53,17
2024-04-29,8263,2,48,10
2024-04-30,8253,6,84,16
2024-05-01,8238,8,81,21
2024-05-02,8205,4,87,17
2024-05-03,8232,9,96,14
2024-05-04,8252,5,76,18
2024-05-05,8251,3,62,12
2024-05-06,8307,6,83,25
2024-05-07,8341,4,124,18
2024-05-08,8438,12,168,19
2024-05-09,8504,11,141,16
2024-05-10,8541,9,126,17
2024-05-11,8587,5,118,25
2024-05-12,8597,3,70,8
2024-05-13,8561,6,58,15
2024-05-14,8624,13,172,28
2024-05-15,8643,18,181,20
2024-05-16,8671,17,160,21
2024-05-17,8739,14,182,23
2024-05-18,8748,8,120,25
2024-05-19,8756,6,72,9
2024-05-20,8816,9,100,32
2024-05-21,8833,15,175,23
2024-05-22,8796,10,147,25
2024-05-23,8809,9,168,30
2024-05-24,8827,8,196,35
2024-05-25,8887,10,176,22
2024-05-26,8948,8,125,20
2024-05-27,9012,4,171,30
2024-05-28,9031,5,221,22
2024-05-29,9130,7,261,28
2024-05-30,9354,7,263,49
2024-05-31,9387,6,236,28
2024-06-01,9398,2,193,29
