country,iso_code,date,total_vaccinations,people_vaccinated,people_fully_vaccinated,New_deaths,ratio
Malaysia,MYS,24/2/2021,66,63,3,14,0.00019082
Malaysia,MYS,25/2/2021,1217,1212,5,12,0.003671011
Malaysia,MYS,26/2/2021,5288,5280,8,12,0.015992525
Malaysia,MYS,27/2/2021,12004,11990,14,11,0.036316358
Malaysia,MYS,28/2/2021,18724,18705,19,10,0.056655336
Malaysia,MYS,1/3/2021,34116,34091,25,9,0.103257795
Malaysia,MYS,2/3/2021,55803,55773,30,5,0.168930129
Malaysia,MYS,3/3/2021,78501,78465,36,6,0.237661638
Malaysia,MYS,4/3/2021,98057,98006,51,7,0.296849124
Malaysia,MYS,5/3/2021,112428,112371,57,5,0.34035909
Malaysia,MYS,6/3/2021,128266,128206,60,6,0.388321519
Malaysia,MYS,7/3/2021,140854,140788,66,7,0.426430979
Malaysia,MYS,8/3/2021,168072,167992,80,3,0.508828828
Malaysia,MYS,9/3/2021,198199,198057,142,8,0.599892323
Malaysia,MYS,10/3/2021,226983,226830,153,9,0.687042496
Malaysia,MYS,11/3/2021,253502,253345,161,5,0.767353442
Malaysia,MYS,12/3/2021,279628,279462,170,9,0.84645889
Malaysia,MYS,13/3/2021,296689,296521,172,3,0.898128678
Malaysia,MYS,14/3/2021,307000,306828,176,3,0.929347419
Malaysia,MYS,15/3/2021,327395,327220,179,4,0.991112488
Malaysia,MYS,16/3/2021,352876,352695,185,3,1.06827339
Malaysia,MYS,17/3/2021,373732,373488,248,5,1.131253043
Malaysia,MYS,18/3/2021,391844,390802,1046,2,1.183695197
Malaysia,MYS,19/3/2021,406420,401544,4880,3,1.216231504
Malaysia,MYS,20/3/2021,420228,409248,10984,2,1.239566051
Malaysia,MYS,21/3/2021,435789,418960,16833,4,1.268982604
Malaysia,MYS,22/3/2021,460088,428680,31412,4,1.298423388
Malaysia,MYS,23/3/2021,489269,436986,52287,5,1.323581326
Malaysia,MYS,24/3/2021,518384,443276,75112,6,1.342633027
Malaysia,MYS,25/3/2021,544188,449710,94482,2,1.362120887
Malaysia,MYS,26/3/2021,560938,453648,107294,2,1.374048645
Malaysia,MYS,27/3/2021,577085,455355,121734,1,1.379218956
Malaysia,MYS,28/3/2021,593699,459039,134664,2,1.390377377
Malaysia,MYS,29/3/2021,628944,466905,162043,4,1.414202604
Malaysia,MYS,30/3/2021,669879,478432,191451,5,1.449116587
Malaysia,MYS,31/3/2021,707355,488384,218975,5,1.479260073
Malaysia,MYS,1/4/2021,749825,504292,245537,7,1.527443612
Malaysia,MYS,2/4/2021,780312,511875,268441,6,1.550411664
Malaysia,MYS,3/4/2021,797738,514555,283187,5,1.558529081
Malaysia,MYS,4/4/2021,812928,520584,292348,3,1.576790243
Malaysia,MYS,5/4/2021,841639,529784,311859,2,1.604656005
Malaysia,MYS,6/4/2021,874357,540796,333565,7,1.638010112
Malaysia,MYS,7/4/2021,905379,553496,351887,5,1.67647698
Malaysia,MYS,8/4/2021,932283,565589,366698,4,1.713105314
Malaysia,MYS,9/4/2021,953904,572817,381091,4,1.734998111
Malaysia,MYS,10/4/2021,969644,578488,391160,5,1.75217493
Malaysia,MYS,11/4/2021,992840,590966,401878,8,1.789969386
Malaysia,MYS,12/4/2021,1032163,616329,415838,8,1.866791053
Malaysia,MYS,13/4/2021,1056680,633146,423538,4,1.91772785
Malaysia,MYS,14/4/2021,1085372,654089,431287,12,1.981161836
Malaysia,MYS,15/4/2021,1112641,672190,440455,8,2.035987724
Malaysia,MYS,16/4/2021,1132192,687819,444377,10,2.083326203
Malaysia,MYS,17/4/2021,1141877,696391,445490,2,2.109289824
Malaysia,MYS,18/4/2021,1151736,702484,449256,5,2.127744834
Malaysia,MYS,19/4/2021,1184894,727152,457746,8,2.202461425
Malaysia,MYS,20/4/2021,1218273,749239,469038,8,2.269360458
Malaysia,MYS,21/4/2021,1245972,765063,480913,3,2.31728957
Malaysia,MYS,22/4/2021,1275556,779458,496102,11,2.360890402
Malaysia,MYS,23/4/2021,1294468,791677,502795,7,2.397900375
Malaysia,MYS,24/4/2021,1305951,799669,506286,8,2.422107242
Malaysia,MYS,25/4/2021,1320797,808781,512020,11,2.449706463
Malaysia,MYS,26/4/2021,1351109,830150,520963,10,2.514430755
Malaysia,MYS,27/4/2021,1385816,852977,532843,13,2.583571164
Malaysia,MYS,28/4/2021,1425517,879441,546080,13,2.663727636
Malaysia,MYS,29/4/2021,1438052,885910,552146,15,2.683321508
Malaysia,MYS,30/4/2021,1464763,903702,561065,15,2.73721147
Malaysia,MYS,1/5/2021,1470263,906632,563635,14,2.74608611
Malaysia,MYS,2/5/2021,1486045,914290,571759,15,2.769281328
Malaysia,MYS,3/5/2021,1537327,938825,598506,12,2.843595077
Malaysia,MYS,4/5/2021,1587171,968966,618209,18,2.934888768
Malaysia,MYS,5/5/2021,1642191,1001077,641118,23,3.032149367
Malaysia,MYS,6/5/2021,1698057,1038154,659907,17,3.144451419
Malaysia,MYS,7/5/2021,1745905,1070511,675398,19,3.242457124
Malaysia,MYS,8/5/2021,1773051,1089212,683843,22,3.299100345
Malaysia,MYS,9/5/2021,1805565,1115121,690450,25,3.377575785
Malaysia,MYS,10/5/2021,1867168,1151851,715323,26,3.488826814
Malaysia,MYS,11/5/2021,1916158,1182379,733785,17,3.581292684
Malaysia,MYS,12/5/2021,1934326,1192717,741615,22,3.61260532
Malaysia,MYS,13/5/2021,1934448,1192829,741625,39,3.612944555
Malaysia,MYS,14/5/2021,1934517,1192889,741634,27,3.613126289
Malaysia,MYS,15/5/2021,1945453,1203221,742238,34,3.644420752
Malaysia,MYS,16/5/2021,1955781,1213215,742572,44,3.674691451
Malaysia,MYS,17/5/2021,2016482,1245702,770786,36,3.773090911
Malaysia,MYS,18/5/2021,2094719,1291537,803188,45,3.911919959
Malaysia,MYS,19/5/2021,2179099,1341765,837340,47,4.064054908
Malaysia,MYS,20/5/2021,2260398,1401058,859346,46,4.24364672
Malaysia,MYS,21/5/2021,2321547,1443300,878253,59,4.371592975
Malaysia,MYS,22/5/2021,2368262,1486647,881621,50,4.502886151
Malaysia,MYS,23/5/2021,2414727,1524687,890046,50,4.618105022
Malaysia,MYS,24/5/2021,2510630,1594440,916196,49,4.829378995
Malaysia,MYS,25/5/2021,2611322,1664335,946993,61,5.04108307
Malaysia,MYS,26/5/2021,2633748,1684851,948903,60,5.10322372
Malaysia,MYS,27/5/2021,2742333,1743765,998574,63,5.281667584
Malaysia,MYS,28/5/2021,2816889,1790725,1026170,59,5.42390413
Malaysia,MYS,29/5/2021,2883108,1841864,1041250,61,5.578798395
Malaysia,MYS,30/5/2021,2945966,1880281,1065691,98,5.695159157
Malaysia,MYS,31/5/2021,3042366,1947957,1094415,79,5.900142131
Malaysia,MYS,1/6/2021,3142335,2023457,1118884,67,6.128823118
Malaysia,MYS,2/6/2021,3249319,2120538,1128787,71,6.422870522
Malaysia,MYS,3/6/2021,3368673,2232010,1136669,126,6.760506642
Malaysia,MYS,4/6/2021,3460155,2318505,1141656,103,7.022490245
Malaysia,MYS,5/6/2021,3533801,2390749,1143058,86,7.241309176
Malaysia,MYS,6/6/2021,3616628,2471957,1144677,109,7.487279052
Malaysia,MYS,7/6/2021,3682583,2532806,1149783,87,7.671583813
Malaysia,MYS,8/6/2021,3837582,2641371,1196217,82,8.000414958
Malaysia,MYS,9/6/2021,3994758,2757736,1237028,76,8.352871423
Malaysia,MYS,10/6/2021,4156085,2871558,1284534,75,8.697625428
Malaysia,MYS,11/6/2021,4282776,2967952,1314831,73,8.989591986
Malaysia,MYS,12/6/2021,4420440,3071414,1349033,84,9.302966719
Malaysia,MYS,13/6/2021,4552479,3176432,1376054,76,9.621054401
Malaysia,MYS,14/6/2021,4756478,3324470,1432015,64,10.06944481
Malaysia,MYS,15/6/2021,4979880,3491608,1488279,60,10.57568697
Malaysia,MYS,16/6/2021,5194513,3697943,1496577,101,11.20065242
Malaysia,MYS,17/6/2021,5424111,3883090,1541028,73,11.76144181
Malaysia,MYS,18/6/2021,5609979,4036180,1573806,60,12.22513416
Malaysia,MYS,19/6/2021,5782223,4172077,1610153,74,12.63675085
Malaysia,MYS,20/6/2021,5928969,4294573,1634403,72,13.00777743
Malaysia,MYS,21/6/2021,6174375,4485190,1689192,60,13.58513483
Malaysia,MYS,22/6/2021,6434647,4684391,1750263,69,14.1884922
Malaysia,MYS,23/6/2021,6700190,4869750,1830447,77,14.74992371
Malaysia,MYS,24/6/2021,6978031,5052743,1925295,83,15.30418888
Malaysia,MYS,25/6/2021,7201174,5207571,1993610,84,15.77314543
Malaysia,MYS,26/6/2021,7399718,5349713,2050013,82,16.20367752
Malaysia,MYS,27/6/2021,7577715,5461469,2116254,81,16.54217385
Malaysia,MYS,28/6/2021,7787911,5627998,2159921,60,17.04657141
Malaysia,MYS,29/6/2021,8032325,5786876,2245457,57,17.52779496
Malaysia,MYS,30/6/2021,8303128,5960836,2342300,107,18.05470019
Malaysia,MYS,1/7/2021,8573434,6144533,2428910,62,18.61109769
Malaysia,MYS,2/7/2021,8814343,6314713,2499639,84,19.12655372
Malaysia,MYS,3/7/2021,9038536,6459482,2579063,73,19.5650427
Malaysia,MYS,4/7/2021,9254436,6594523,2659922,107,19.97406667
Malaysia,MYS,5/7/2021,9582490,6801092,2781407,63,20.59974088
Malaysia,MYS,6/7/2021,9938864,7018149,2920724,77,21.25718206
Malaysia,MYS,7/7/2021,10334264,7236947,3097326,103,21.91989653
Malaysia,MYS,8/7/2021,10724904,7466945,3257968,91,22.61653454
Malaysia,MYS,9/7/2021,11075388,7687589,3387808,135,23.28484034
Malaysia,MYS,10/7/2021,11411874,7907312,3504571,77,23.95035654
Malaysia,MYS,11/7/2021,11710015,8102026,3607998,87,24.54012329
Malaysia,MYS,12/7/2021,12144386,8373875,3770520,91,25.36352326
Malaysia,MYS,13/7/2021,12584280,8642339,3941950,102,26.17667045
Malaysia,MYS,14/7/2021,13043563,8937559,4106013,125,27.07085855
Malaysia,MYS,15/7/2021,13522603,9255269,4267343,118,28.03316632
Malaysia,MYS,16/7/2021,13940609,9539041,4401577,110,28.89267971
Malaysia,MYS,17/7/2021,14337520,9803720,4533809,115,29.69436256
Malaysia,MYS,18/7/2021,14694162,10056222,4637949,138,30.45916265
Malaysia,MYS,19/7/2021,15137421,10344898,4792532,153,31.33352971
Malaysia,MYS,20/7/2021,15449319,10553318,4896011,129,31.96481039
Malaysia,MYS,21/7/2021,15908782,10842261,5066531,93,32.83998616
Malaysia,MYS,22/7/2021,16428904,11185522,5243392,199,33.87968503
Malaysia,MYS,23/7/2021,16908047,11500067,5407990,134,34.83240637
Malaysia,MYS,24/7/2021,17341550,11795935,5545625,144,35.72855718
Malaysia,MYS,25/7/2021,17759003,12088322,5670691,184,36.61416444
Malaysia,MYS,26/7/2021,18297319,12430963,5866366,92,37.6519854
Malaysia,MYS,27/7/2021,18869657,12797375,6072292,207,38.76180603
Malaysia,MYS,28/7/2021,19452201,13172678,6279535,203,39.89855651
Malaysia,MYS,29/7/2021,20033814,13535658,6498172,147,40.997982
Malaysia,MYS,30/7/2021,20569764,13868554,6701226,174,42.00628646
Malaysia,MYS,31/7/2021,21113850,14205018,6908850,134,43.02539798
Malaysia,MYS,1/8/2021,21609881,14515450,7094451,165,43.96566151
Malaysia,MYS,2/8/2021,22099006,14752370,7346656,160,44.68326547
Malaysia,MYS,3/8/2021,22604019,15006375,7597665,219,45.45261798
Malaysia,MYS,4/8/2021,23120367,15249245,7871144,195,46.18824383
Malaysia,MYS,5/8/2021,23659339,15485247,8174117,257,46.90306728
Malaysia,MYS,6/8/2021,24130679,15690639,8440066,164,47.52517649
Malaysia,MYS,7/8/2021,24582968,15895651,8687344,160,48.14613472
Malaysia,MYS,8/8/2021,24994951,16067937,8927042,210,48.66796959
Malaysia,MYS,9/8/2021,25483133,16271390,9211775,360,49.28420579
Malaysia,MYS,10/8/2021,25861951,16448452,9413533,212,49.82050663
Malaysia,MYS,11/8/2021,26381751,16693531,9688259,201,50.56282329
Malaysia,MYS,12/8/2021,26934310,16912091,10022261,211,51.22481688
Malaysia,MYS,13/8/2021,27431585,17098055,10333574,318,51.78808087
Malaysia,MYS,14/8/2021,27902849,17279596,10623297,277,52.3379481
Malaysia,MYS,15/8/2021,28343277,17438228,10905094,260,52.81842654
Malaysia,MYS,16/8/2021,28869822,17629466,11240401,282,53.39766488
Malaysia,MYS,17/8/2021,29419399,17828813,11590635,274,54.00146447
Malaysia,MYS,18/8/2021,29991736,18036316,11955475,293,54.62996766
Malaysia,MYS,19/8/2021,30541039,18233568,12307531,225,55.22742173
Malaysia,MYS,20/8/2021,31055994,18406935,12649120,178,55.75253082
Malaysia,MYS,21/8/2021,31557457,18582495,12975033,233,56.28428227
Malaysia,MYS,22/8/2021,32023163,18733650,13289586,223,56.74211372
Malaysia,MYS,23/8/2021,32442375,18896314,13546135,232,57.23480464
Malaysia,MYS,24/8/2021,32889306,19066562,13822819,174,57.75046664
Malaysia,MYS,25/8/2021,33341364,19243252,14098187,211,58.28564073
Malaysia,MYS,26/8/2021,33781284,19418018,14365308,265,58.81498724
Malaysia,MYS,27/8/2021,34159120,19579007,14583540,393,59.30260477
Malaysia,MYS,28/8/2021,34533182,19749496,14794091,339,59.81899673
Malaysia,MYS,29/8/2021,34866185,19912192,14972128,252,60.31178457
Malaysia,MYS,30/8/2021,35258502,20112825,15168076,285,60.9194793
Malaysia,MYS,31/8/2021,35546128,20244726,15326366,295,61.31899256
Malaysia,MYS,1/9/2021,35977364,20449406,15555666,282,61.93894521
Malaysia,MYS,2/9/2021,36382181,20650205,15763317,278,62.54714274
Malaysia,MYS,3/9/2021,36741631,20813250,15965600,249,63.04098766
Malaysia,MYS,4/9/2021,37077970,20968937,16153765,330,63.51254603
Malaysia,MYS,5/9/2021,37394867,21121849,16324841,362,63.97569924
Malaysia,MYS,6/9/2021,37738311,21268216,16524908,336,64.41902838
Malaysia,MYS,7/9/2021,38090413,21415323,16732412,272,64.8645989
Malaysia,MYS,8/9/2021,38442625,21556522,16945648,311,65.29227475
Malaysia,MYS,9/9/2021,38796115,21706117,17153638,361,65.74538114
Malaysia,MYS,10/9/2021,39113992,21832402,17351577,323,66.12788416
Malaysia,MYS,11/9/2021,39400368,21936551,17541343,341,66.44333974
Malaysia,MYS,12/9/2021,39651792,22026995,17708212,592,66.71728442
Malaysia,MYS,13/9/2021,39903597,22109619,17881493,292,66.9675432
Malaysia,MYS,14/9/2021,40171494,22193636,18071075,413,67.22202122
Malaysia,MYS,15/9/2021,40445527,22272011,18270439,463,67.45941026
Malaysia,MYS,16/9/2021,40666274,22341469,18424816,422,67.66979071
Malaysia,MYS,17/9/2021,40929692,22426128,18607058,346,67.92621328
Malaysia,MYS,18/9/2021,41184938,22509741,18783252,388,68.17946763
Malaysia,MYS,19/9/2021,41423926,22579455,18955638,324,68.39062347
Malaysia,MYS,20/9/2021,41736654,22683548,19166862,376,68.70590943
Malaysia,MYS,21/9/2021,42012602,22814863,19315231,301,69.10364776
Malaysia,MYS,22/9/2021,42354148,22946857,19529911,334,69.50344271
Malaysia,MYS,23/9/2021,42702144,23088233,19738701,487,69.93165467
Malaysia,MYS,24/9/2021,42994521,23213021,19907515,116,70.30962346
Malaysia,MYS,25/9/2021,43272951,23335527,20065780,250,70.68068032
Malaysia,MYS,26/9/2021,43556567,23458508,20228248,228,71.0531759
Malaysia,MYS,27/9/2021,43894755,23635763,20390245,278,71.59006131
Malaysia,MYS,28/9/2021,44239224,23812287,20560781,258,72.12473261
Malaysia,MYS,29/9/2021,44595107,24010920,20719412,240,72.72636957
Malaysia,MYS,30/9/2021,44938946,24186333,20891679,208,73.25767577
Malaysia,MYS,1/10/2021,45188250,24293762,21035139,192,73.5830661
Malaysia,MYS,2/10/2021,45412278,24388387,21166310,121,73.86967455
Malaysia,MYS,3/10/2021,45630719,24488687,21285218,109,74.17347195
Malaysia,MYS,4/10/2021,45867645,24620368,21391878,118,74.57231885
Malaysia,MYS,5/10/2021,46102627,24748600,21500701,76,74.96071912
Malaysia,MYS,6/10/2021,46322370,24866791,21604720,117,75.31870633
Malaysia,MYS,7/10/2021,46527731,24979032,21699873,105,75.65867167
Malaysia,MYS,8/10/2021,46712510,25056798,21808048,132,75.89421611
Malaysia,MYS,9/10/2021,46864417,25099375,21918821,78,76.02317705
Malaysia,MYS,10/10/2021,47001728,25133304,22023037,74,76.12594416
Malaysia,MYS,11/10/2021,47198308,25189364,22165374,64,76.29574358
Malaysia,MYS,12/10/2021,47415989,25248585,22325451,93,76.47511731
Malaysia,MYS,13/10/2021,47633996,25303367,22487977,103,76.64104581
Malaysia,MYS,14/10/2021,47850829,25347826,22659154,68,76.77570711
Malaysia,MYS,15/10/2021,48036753,25386886,22797527,88,76.89401545
Malaysia,MYS,16/10/2021,48174959,25404012,22915699,89,76.94588817
Malaysia,MYS,17/10/2021,48317626,25422269,23038639,88,77.00118657
Malaysia,MYS,18/10/2021,48534679,25456484,23213508,63,77.10481994
Malaysia,MYS,19/10/2021,48674731,25472664,23336964,72,77.15382734
Malaysia,MYS,20/10/2021,48943765,25504932,23557713,69,77.25156347
Malaysia,MYS,21/10/2021,49191351,25539109,23752200,76,77.35508175
Malaysia,MYS,22/10/2021,49358345,25569158,23872293,96,77.44609679
Malaysia,MYS,23/10/2021,49479628,25581707,23973062,78,77.48410629
Malaysia,MYS,24/10/2021,49611987,25594024,24085225,42,77.5214131
Malaysia,MYS,25/10/2021,49805242,25619353,24232034,46,77.59813178
Malaysia,MYS,26/10/2021,49995221,25645622,24373883,92,77.67769762
Malaysia,MYS,27/10/2021,50171951,25666637,24502434,84,77.74134969
Malaysia,MYS,28/10/2021,50365806,25687802,24623310,98,77.80545609
Malaysia,MYS,29/10/2021,50511691,25704111,24707810,95,77.85485421
Malaysia,MYS,30/10/2021,50592014,25711843,24759743,63,77.87827356
Malaysia,MYS,31/10/2021,50659564,25718793,24803791,44,77.89932433
Malaysia,MYS,1/11/2021,50772380,25729050,24862203,36,77.93039163
Malaysia,MYS,2/11/2021,50899035,25739503,24921337,63,77.96205259
Malaysia,MYS,3/11/2021,51018487,25748640,24966494,70,77.98972753
Malaysia,MYS,4/11/2021,51062734,25751999,24986170,46,77.99990156
Malaysia,MYS,5/11/2021,51149080,25758061,25018158,64,78.01826268
Malaysia,MYS,6/11/2021,51194008,25763301,25032214,47,78.03413404
Malaysia,MYS,7/11/2021,51235290,25767236,25047041,54,78.04605272
Malaysia,MYS,8/11/2021,51348150,25774220,25092885,35,78.06720646
Malaysia,MYS,9/11/2021,51467706,25783015,25124786,58,78.09384553
Malaysia,MYS,10/11/2021,51603689,25791666,25164842,78,78.12004843
Malaysia,MYS,11/11/2021,51752924,25801295,25210141,59,78.14921359
Malaysia,MYS,12/11/2021,51871926,25809343,25245214,49,78.17359007
Malaysia,MYS,13/11/2021,51931434,25813447,25261887,41,78.18602063
Malaysia,MYS,14/11/2021,51978136,25817452,25273468,55,78.19815132
Malaysia,MYS,15/11/2021,52084578,25824223,25301184,45,78.21865991
Malaysia,MYS,16/11/2021,52209654,25831675,25328084,53,78.24123118
Malaysia,MYS,17/11/2021,52332177,25838407,25349620,40,78.26162165
Malaysia,MYS,18/11/2021,52460601,25846173,25371427,68,78.28514399
Malaysia,MYS,19/11/2021,52569690,25853541,25389417,55,78.30746083
Malaysia,MYS,20/11/2021,52618058,25856904,25396093,45,78.31764698
Malaysia,MYS,21/11/2021,52657226,25859713,25401368,41,78.32615512
Malaysia,MYS,22/11/2021,52770110,25865023,25413864,24,78.34223851
Malaysia,MYS,23/11/2021,52910015,25870594,25424997,61,78.35911245
Malaysia,MYS,24/11/2021,53053125,25876071,25434092,47,78.37570166
Malaysia,MYS,25/11/2021,53196858,25882185,25440486,37,78.39422028
Malaysia,MYS,26/11/2021,53313497,25887304,25447547,48,78.40972515
Malaysia,MYS,27/11/2021,53370273,25889920,25453169,45,78.41764872
Malaysia,MYS,28/11/2021,53414087,25892298,25456999,40,78.42485141
Malaysia,MYS,29/11/2021,53526178,25897111,25464220,29,78.43942945
Malaysia,MYS,30/11/2021,53665367,25902495,25473389,61,78.45573698
Malaysia,MYS,1/12/2021,53812307,25908180,25482029,55,78.4729562
Malaysia,MYS,2/12/2021,53967022,25913946,25491487,49,78.49042077
Malaysia,MYS,3/12/2021,54096538,25918635,25498769,47,78.50462322
Malaysia,MYS,4/12/2021,54168616,25922351,25503603,17,78.51587856
Malaysia,MYS,5/12/2021,54225949,25924519,25507025,36,78.52244519
Malaysia,MYS,6/12/2021,54328368,25929994,25514016,40,78.53902835
Malaysia,MYS,7/12/2021,54457848,25935129,25521313,38,78.55458168
Malaysia,MYS,8/12/2021,54588292,25940332,25528259,66,78.57034098
Malaysia,MYS,9/12/2021,54734322,25945750,25536632,28,78.5867515
Malaysia,MYS,10/12/2021,54862675,25949991,25544119,41,78.59959701
Malaysia,MYS,11/12/2021,54936552,25951533,25547010,44,78.60426755
Malaysia,MYS,12/12/2021,55006166,25953158,25549541,31,78.60918949
Malaysia,MYS,13/12/2021,55139949,25957456,25555095,17,78.62220765
Malaysia,MYS,14/12/2021,55306416,25961873,25560724,29,78.63558624
Malaysia,MYS,15/12/2021,55480991,25966488,25566543,48,78.64956456
Malaysia,MYS,16/12/2021,55658288,25971185,25573152,33,78.66379124
Malaysia,MYS,17/12/2021,55823526,25974469,25578289,37,78.67373811
Malaysia,MYS,18/12/2021,55897283,25975834,25580626,18,78.67787254
Malaysia,MYS,19/12/2021,55978255,25977454,25582856,29,78.68277934
Malaysia,MYS,20/12/2021,56127717,25981050,25587590,19,78.69367122
Malaysia,MYS,21/12/2021,56299583,25984522,25592336,43,78.70418751
Malaysia,MYS,22/12/2021,56481085,25988098,25597335,57,78.71501881
Malaysia,MYS,23/12/2021,56662920,25991904,25602940,29,78.72654676
Malaysia,MYS,24/12/2021,56807103,25994266,25607075,44,78.73370099
Malaysia,MYS,25/12/2021,56833358,25994887,25608501,43,78.73558193
Malaysia,MYS,26/12/2021,56899032,25995819,25610049,7,78.73840485
Malaysia,MYS,27/12/2021,57031773,25999356,25615487,19,78.74911803
Malaysia,MYS,28/12/2021,57189127,26003041,25620560,35,78.76027948
Malaysia,MYS,29/12/2021,57379180,26006701,25625826,23,78.7713652
Malaysia,MYS,30/12/2021,57589276,26010352,25630880,36,78.78242367
Malaysia,MYS,31/12/2021,57774660,26013397,25635562,34,78.79164663
Malaysia,MYS,1/1/2022,57816797,26013994,25636439,25,78.79345488
Malaysia,MYS,2/1/2022,57913031,26015447,25637950,26,78.79785585
Malaysia,MYS,3/1/2022,58126160,26018460,25642084,19,78.80698189
Malaysia,MYS,4/1/2022,58371883,26021658,25646325,28,78.81666827
Malaysia,MYS,5/1/2022,58621544,26024756,25650645,31,78.82605176
Malaysia,MYS,6/1/2022,58878775,26027994,25655465,18,78.8358593
Malaysia,MYS,7/1/2022,59099815,26030934,25659086,19,78.84476423
Malaysia,MYS,8/1/2022,59227106,26032307,25660367,14,78.84892289
Malaysia,MYS,9/1/2022,59339234,26033512,25661998,13,78.8525727
Malaysia,MYS,10/1/2022,59566211,26035908,25665451,23,78.85982991
Malaysia,MYS,11/1/2022,59823641,26038193,25668758,18,78.86675092
Malaysia,MYS,12/1/2022,60083569,26040455,25672175,27,78.87360226
Malaysia,MYS,13/1/2022,60354740,26042797,25675795,15,78.88069592
Malaysia,MYS,14/1/2022,60594160,26044685,25678124,12,78.88641446
Malaysia,MYS,15/1/2022,60763810,26045941,25679067,12,78.89021874
Malaysia,MYS,16/1/2022,60912796,26046874,25679966,19,78.89304469
Malaysia,MYS,17/1/2022,61160114,26049027,25683255,12,78.89956588
Malaysia,MYS,18/1/2022,61293161,26050164,25684799,16,78.90300973
Malaysia,MYS,19/1/2022,61566478,26052606,25689469,9,78.91040627
Malaysia,MYS,20/1/2022,61819066,26054562,25693072,13,78.91633078
Malaysia,MYS,21/1/2022,62019272,26056199,25695981,22,78.92128906
Malaysia,MYS,22/1/2022,62179354,26057318,25696777,15,78.92467839
Malaysia,MYS,23/1/2022,62313287,26058241,25697867,15,78.92747405
Malaysia,MYS,24/1/2022,62520831,26060400,25700817,9,78.93401342
Malaysia,MYS,25/1/2022,62739127,26062669,25703698,10,78.94088596
Malaysia,MYS,26/1/2022,62951655,26064505,25706338,16,78.946447
Malaysia,MYS,27/1/2022,63160928,26066397,25709208,12,78.95217766
Malaysia,MYS,28/1/2022,63343732,26068238,25711940,10,78.95775384
Malaysia,MYS,29/1/2022,63444142,26069047,25712934,12,78.96020421
Malaysia,MYS,30/1/2022,63526814,26069631,25713761,5,78.96197308
Malaysia,MYS,31/1/2022,63625303,26070688,25715491,8,78.96517461
Malaysia,MYS,1/2/2022,63654628,26070939,25715838,13,78.96593486
Malaysia,MYS,2/2/2022,63685227,26071286,25716328,7,78.96698589
Malaysia,MYS,3/2/2022,63788729,26073948,25719128,7,78.97504878
Malaysia,MYS,4/2/2022,63881143,26076762,25721011,8,78.98357207
Malaysia,MYS,5/2/2022,63956336,26092785,25721897,11,79.03210393
Malaysia,MYS,6/2/2022,64027182,26109387,25722739,14,79.08238952
Malaysia,MYS,7/2/2022,64150524,26119222,25725167,9,79.11217863
Malaysia,MYS,8/2/2022,64307961,26130545,25726858,9,79.14647472
Malaysia,MYS,9/2/2022,64478329,26145314,25729155,13,79.19120835
Malaysia,MYS,10/2/2022,64656285,26164341,25731175,9,79.24883899
Malaysia,MYS,11/2/2022,64820720,26185776,25732968,10,79.31376319
Malaysia,MYS,12/2/2022,64967584,26225917,25733837,24,79.43534575
Malaysia,MYS,13/2/2022,65088569,26261892,25734677,15,79.54430997
Malaysia,MYS,14/2/2022,65241670,26301728,25736442,11,79.66496872
Malaysia,MYS,15/2/2022,65399656,26345268,25738417,24,79.79684647
Malaysia,MYS,16/2/2022,65567388,26391527,25740318,31,79.93695977
Malaysia,MYS,17/2/2022,65744541,26446669,25742159,21,80.10397867
Malaysia,MYS,18/2/2022,65906293,26490726,25743932,39,80.23742236
Malaysia,MYS,19/2/2022,66060392,26564790,25744676,24,80.46175386
Malaysia,MYS,20/2/2022,66190671,26626697,25745243,46,80.64926319
Malaysia,MYS,21/2/2022,66331481,26680496,25746431,37,80.81221429
Malaysia,MYS,22/2/2022,66483027,26733593,25747171,43,80.97303912
Malaysia,MYS,23/2/2022,66630071,26783024,25747809,43,81.12276004
Malaysia,MYS,24/2/2022,66770512,26831894,25748935,55,81.27078176
Malaysia,MYS,25/2/2022,66905596,26877458,25750052,46,81.40878998
Malaysia,MYS,26/2/2022,67026175,26932911,25750923,57,81.57675087
Malaysia,MYS,27/2/2022,67129587,26975837,25751761,43,81.70676888
Malaysia,MYS,28/2/2022,67248575,27011001,25753226,40,81.81327667
Malaysia,MYS,1/3/2022,67352617,27038179,25754650,75,81.89559577
Malaysia,MYS,2/3/2022,67453025,27065921,25756217,78,81.97962316
Malaysia,MYS,3/3/2022,67551825,27090269,25757837,115,82.05337051
Malaysia,MYS,4/3/2022,67635570,27113921,25759517,86,82.12500975
Malaysia,MYS,5/3/2022,67705842,27144937,25760660,78,82.21895372
Malaysia,MYS,6/3/2022,67764388,27170002,25761768,67,82.29487278
Malaysia,MYS,7/3/2022,67829764,27186426,25763716,55,82.34461922
Malaysia,MYS,8/3/2022,67900303,27206506,25765821,77,82.40543928
Malaysia,MYS,9/3/2022,67964511,27225631,25767767,79,82.46336674
Malaysia,MYS,10/3/2022,68030711,27246201,25769737,113,82.52567096
Malaysia,MYS,11/3/2022,68090264,27270637,25771711,70,82.59968484
Malaysia,MYS,12/3/2022,68138518,27296874,25773229,53,82.67915376
Malaysia,MYS,13/3/2022,68184436,27320755,25774794,100,82.75148662
Malaysia,MYS,14/3/2022,68237771,27335790,25777111,87,82.79702594
Malaysia,MYS,15/3/2022,68296213,27354252,25779081,92,82.85294525
Malaysia,MYS,16/3/2022,68345633,27367978,25781228,95,82.89451976
Malaysia,MYS,17/3/2022,68392638,27381675,25783556,105,82.93600643
Malaysia,MYS,18/3/2022,68433997,27400377,25785427,86,82.99265268
Malaysia,MYS,19/3/2022,68469867,27416938,25786777,59,83.04281408
Malaysia,MYS,20/3/2022,68497925,27427170,25788019,85,83.07380565
Malaysia,MYS,21/3/2022,68527177,27432319,25789863,71,83.08940139
Malaysia,MYS,22/3/2022,68556397,27438167,25791408,63,83.10711433
Malaysia,MYS,23/3/2022,68584967,27444510,25792959,72,83.12632656
Malaysia,MYS,24/3/2022,68613992,27450711,25794756,65,83.14510869
Malaysia,MYS,25/3/2022,68647915,27463766,25796241,64,83.18465081
Malaysia,MYS,26/3/2022,68680477,27477329,25797278,53,83.22573161
Malaysia,MYS,27/3/2022,68705384,27484120,25798167,34,83.24630078
Malaysia,MYS,28/3/2022,68747449,27488817,25799967,37,83.26052747
Malaysia,MYS,29/3/2022,68795057,27494218,25801561,54,83.27688649
